{
    "elapsed_ms_history": [
        0.0,
        101.38523900059226,
        262.8143389993056,
        438.12066200007393,
        643.4242439991067,
        841.5385000007518,
        1025.355784000567,
        1183.9610620008898,
        1298.3029980005085,
        1517.8885990007984,
        1649.8936009993486,
        1837.087153999164,
        2039.6890190004342,
        2217.164446999959,
        2831.214223999268,
        3291.8753060002928,
        3755.961135999314,
        3967.251527999906,
        4010.26166200063,
        4106.542227000318,
        4206.895594999878,
        4379.142849000345,
        4485.859491000156,
        4582.356609000271,
        4659.418537999954,
        4758.684698999787,
        4832.593552999242,
        4912.703132000388,
        5046.014076000574,
        5140.706410000348,
        5212.392974999602,
        5300.341951999144,
        5460.421407000467,
        5673.167802000535,
        5900.7346739999775,
        6027.973980999377,
        6100.250383999082,
        6200.254168999891,
        6300.547361999634,
        6400.668869999208,
        6500.102881000203,
        6601.5440939991095,
        6700.316839000152,
        6802.034738000657,
        6913.216446999286,
        7011.774840000726,
        7111.118495999108,
        7200.926032999632,
        7301.475655000104,
        7400.676971999928
    ],
    "control_frame_ms_history": [
        99.77440200054843,
        101.38523900059226,
        161.42909999871335,
        175.30632300076832,
        205.30358199903276,
        198.11425600164512,
        183.81728399981512,
        158.60527800032287,
        114.34193599961873,
        219.5856010002899,
        132.00500199855014,
        187.19355299981544,
        202.6018650012702,
        177.47542799952498,
        614.049776999309,
        460.6610820010246,
        464.08582999902137,
        211.29039200059196,
        43.010134000724065,
        96.28056499968807,
        100.35336799955985,
        172.24725400046736,
        106.71664199981024,
        96.49711800011573,
        77.061928999683,
        99.26616099983221,
        73.90885399945546,
        80.1095790011459,
        133.31094400018628,
        94.69233399977384,
        71.68656499925419,
        87.94897699954163,
        160.07945500132337,
        212.74639500006742,
        227.5668719994428,
        127.23930699939956,
        72.27640299970517,
        100.00378500080842,
        100.29319299974304,
        100.12150799957453,
        99.43401100099436,
        101.44121299890685,
        98.7727450010425,
        101.71789900050499,
        111.18170899862889,
        98.55839300143998,
        99.34365599838202,
        89.80753700052446,
        100.54962200047157,
        99.20131699982448
    ],
    "status": "in_progress",
    "nav_start_time": 10928.137406283,
    "last_update_time": 10935.538083255,
    "total_time_s": 7.400676971999928,
    "actual_path_length_m": 4.683338927144999,
    "global_path_length_m": 48.46887787999992,
    "path_efficiency": 10.349214232408103
}