{
    "process_id": 22466,
    "command": "/usr/bin/python3 /workspace/goof-an-odd-husky/ros2_ws/install/goof_an_odd_husky/lib/goof_an_odd_husky/controller_node",
    "total_duration_seconds": 128.88597884999945,
    "samples_collected": 128,
    "raw_data": {
        "time_seconds": [
            7626.203932181,
            7627.204511809,
            7628.205406829,
            7629.207152769,
            7630.208247506,
            7631.209182135,
            7632.20999622,
            7633.211168389,
            7634.211834014,
            7635.21243769,
            7636.213413926,
            7637.215232647,
            7638.21632317,
            7639.217249017,
            7640.218092776,
            7641.218967615,
            7642.219446847,
            7643.21997267,
            7644.220647203,
            7645.221424338,
            7646.222194578,
            7647.222727679,
            7648.223372592,
            7649.224061738,
            7650.22474922,
            7651.225396171,
            7652.226294744,
            7653.229325296,
            7654.229982893,
            7655.23067444,
            7656.231279128,
            7657.231773121,
            7658.232697076,
            7659.233474372,
            7660.234206487,
            7661.234851564,
            7662.235442837,
            7663.236018454,
            7664.236629621,
            7665.237801545,
            7666.238386281,
            7667.240343635,
            7668.241841847,
            7669.242460835,
            7670.243098837,
            7671.243767669,
            7672.244628377,
            7673.246061874,
            7674.246665235,
            7675.247578969,
            7676.248278395,
            7677.2488859,
            7678.250242628,
            7679.251070288,
            7680.251930974,
            7681.252810889,
            7682.254262836,
            7683.254874984,
            7684.255499317,
            7685.256174733,
            7686.257674798,
            7687.258367504,
            7688.259143927,
            7689.259838011,
            7690.260527515,
            7691.261096273,
            7692.261734378,
            7693.262449088,
            7694.26299206,
            7695.263614646,
            7696.264193928,
            7697.264835185,
            7698.26539544,
            7699.265894592,
            7700.266603784,
            7701.267227729,
            7702.267767732,
            7703.26841399,
            7704.269143351,
            7705.269734903,
            7706.272312504,
            7707.274290543,
            7708.275858055,
            7709.276910037,
            7710.277679407,
            7711.278650267,
            7712.27944841,
            7713.28027194,
            7714.281121633,
            7715.281904906,
            7716.282588763,
            7717.283302527,
            7718.284952336,
            7719.28559579,
            7720.286457963,
            7721.287099981,
            7722.2876419,
            7723.288199397,
            7724.288692861,
            7725.289262028,
            7726.289939245,
            7727.290569697,
            7728.291195469,
            7729.292038355,
            7730.292903871,
            7731.293525287,
            7732.294216083,
            7733.294811836,
            7734.29557052,
            7735.296130632,
            7736.296697635,
            7737.297393994,
            7738.297959398,
            7739.298486827,
            7740.299160084,
            7741.299732197,
            7742.300395419,
            7743.300958667,
            7744.301555178,
            7745.302171216,
            7746.302680329,
            7747.303364521,
            7748.304081214,
            7749.305415282,
            7750.307156152,
            7751.308096466,
            7752.308715288,
            7753.309816881
        ],
        "cpu_percent": [
            3.875,
            3.875,
            3.875,
            4.1125,
            6.875,
            11.8625,
            11.6125,
            11.4875,
            11.4875,
            10.3625,
            9.4875,
            9.8625,
            9.3625,
            10.1125,
            8.3625,
            8.9875,
            7.875,
            7.625,
            8.125,
            7.875,
            8.3625,
            7.5,
            7.375,
            9.6125,
            9.8625,
            9.7375,
            9.7375,
            9.85,
            10.4875,
            10.3625,
            11.2375,
            11.875,
            11.8625,
            11.9875,
            11.8625,
            11.7375,
            12.1125,
            11.8625,
            11.9875,
            11.9875,
            11.8625,
            11.85,
            11.6125,
            11.8625,
            11.8625,
            11.7375,
            11.8625,
            11.7375,
            11.8625,
            11.7375,
            11.7375,
            11.7375,
            9.8625,
            7.8625,
            8.7375,
            8.6125,
            7.1125,
            7.0,
            8.125,
            7.875,
            7.6125,
            7.25,
            7.9875,
            8.25,
            8.75,
            8.875,
            9.125,
            8.75,
            8.625,
            8.625,
            8.75,
            8.375,
            8.75,
            9.25,
            10.1125,
            9.875,
            7.875,
            10.3625,
            11.4875,
            10.5,
            11.4625,
            11.2375,
            11.85,
            10.6125,
            9.3625,
            7.9875,
            8.9875,
            9.1125,
            8.3625,
            7.625,
            10.1125,
            11.8625,
            11.85,
            9.4875,
            7.4875,
            6.75,
            7.0,
            6.625,
            6.5,
            7.125,
            6.875,
            6.625,
            6.5,
            6.875,
            6.375,
            6.625,
            7.125,
            6.875,
            6.75,
            7.0,
            7.375,
            6.625,
            6.0,
            5.875,
            5.875,
            5.125,
            6.125,
            5.25,
            5.375,
            5.0,
            4.75,
            4.25,
            3.25,
            3.625,
            3.4875,
            3.5,
            3.375,
            3.5
        ],