{
    "process_id": 52428,
    "command": "/usr/bin/python3 /workspace/goof-an-odd-husky/ros2_ws/install/goof_an_odd_husky/lib/goof_an_odd_husky/controller_node",
    "total_duration_seconds": 150.26526437700159,
    "samples_collected": 150,
    "raw_data": {
        "time_seconds": [
            19013.828316843,
            19014.828842117,
            19015.829493837,
            19016.830101875,
            19017.830694125,
            19018.83125332,
            19019.831844106,
            19020.832390812,
            19021.832863238,
            19022.833330579,
            19023.834072227,
            19024.834717522,
            19025.835215034,
            19026.83572739,
            19027.836568645,
            19028.837334141,
            19029.838072733,
            19030.838609327,
            19031.839312592,
            19032.839938167,
            19033.840507019,
            19034.840971901,
            19035.84151361,
            19036.84210809,
            19037.842595466,
            19038.843175939,
            19039.843731294,
            19040.844326771,
            19041.846094301,
            19042.846552655,
            19043.847166116,
            19044.847840024,
            19045.848421965,
            19046.849614202,
            19047.850316748,
            19048.850945729,
            19049.851571617,
            19050.852364898,
            19051.853095991,
            19052.853699302,
            19053.854416538,
            19054.855035784,
            19055.855702295,
            19056.856167921,
            19057.856873709,
            19058.857502854,
            19059.858049372,
            19060.858525699,
            19061.858988749,
            19062.859522059,
            19063.860052911,
            19064.860622675,
            19065.86131809,
            19066.862360113,
            19067.862972584,
            19068.863489782,
            19069.86405262,
            19070.864672796,
            19071.865249208,
            19072.865932568,
            19073.866464608,
            19074.866948281,
            19075.867439206,
            19076.867874371,
            19077.868420839,
            19078.868976065,
            19079.869562075,
            19080.870160932,
            19081.870680119,
            19082.871320592,
            19083.871984145,
            19084.8729527,
            19085.873637,
            19086.874449891,
            19087.875080778,
            19088.875691201,
            19089.876295251,
            19090.876910604,
            19091.877686985,
            19092.878174261,
            19093.878740362,
            19094.879349506,
            19095.879833485,
            19096.880347792,
            19097.880906958,
            19098.88173926,
            19099.882393478,
            19100.883043768,
            19101.883672327,
            19102.884473049,
            19103.885868889,
            19104.886552548,
            19105.887365952,
            19106.888052699,
            19107.888603475,
            19108.889244128,
            19109.889738245,
            19110.890229773,
            19111.89090094,
            19112.891569815,
            19113.892523711,
            19114.893061856,
            19115.893481143,
            19116.894072359,
            19117.894517192,
            19118.895234568,
            19119.895965651,
            19120.896611075,
            19121.897195643,
            19122.897903066,
            19123.899149652,
            19124.899821579,
            19125.900470489,
            19126.901186257,
            19127.901898065,
            19128.902405645,
            19129.90293455,
            19130.90351618,
            19131.904119578,
            19132.904740012,
            19133.905401751,
            19134.906152846,
            19135.907289038,
            19136.908063038,
            19137.908602577,
            19138.909182114,
            19139.910188395,
            19140.910756405,
            19141.911581885,
            19142.912269984,
            19143.913046299,
            19144.91368834,
            19145.914719231,
            19146.915282485,
            19147.915828213,
            19148.916519739,
            19149.917212664,
            19150.917753978,
            19151.918244044,
            19152.918774123,
            19153.919799893,
            19154.920438425,
            19155.921616903,
            19156.924155559,
            19157.925542215,
            19158.926034329,
            19159.926588356,
            19160.927178566,
            19161.927828224,
            19162.9282548
        ],
        "cpu_percent": [
            3.5,
            3.5,
            3.75,
            3.625,
            3.75,
            7.0,
            6.375,
            6.5,
            6.375,
            6.625,
            6.75,
            7.125,
            6.125,
            6.375,
            6.875,
            6.75,
            7.375,
            8.25,
            8.0,
            9.0,
            8.75,
            10.625,
            11.9875,
            8.125,
            2.625,
            2.875,
            3.0,
            2.75,
            3.0,
            2.875,
            7.375,
            7.5,
            7.875,
            6.8625,
            7.375,
            8.125,
            8.25,
            11.7375,
            6.625,
            7.0,
            7.625,
            10.3625,
            9.7375,
            9.75,
            9.0,
            8.5,
            7.875,
            7.5,
            7.0,
            7.0,
            7.625,
            7.25,
            7.0,
            7.7375,
            8.125,
            8.0,
            8.25,
            7.625,
            7.75,
            7.5,
            7.625,
            8.5,
            8.25,
            7.625,
            9.25,
            8.625,
            9.125,
            10.125,
            12.1125,
            2.875,
            3.125,
            2.875,
            2.875,
            2.875,
            7.625,
            9.125,
            7.75,
            7.75,
            8.4875,
            8.25,
            7.375,
            7.75,
            7.75,
            6.875,
            6.75,
            12.1125,
            11.8625,
            11.6125,
            11.8625,
            12.1125,
            12.1125,
            11.9875,
            12.1125,
            11.9875,
            11.4875,
            12.1125,
            12.125,
            12.25,
            12.2375,
            12.1125,
            12.1125,
            11.9875,
            10.375,
            3.125,
            3.0,
            6.625,
            7.0,
            8.25,
            8.25,
            8.375,
            8.2375,
            7.75,
            7.625,
            7.5,
            6.625,
            6.125,
            6.625,
            5.875,
            5.875,
            5.625,
            5.625,
            5.0,
            5.125,
            5.0,
            5.0,
            4.75,
            3.75,
            3.5,
            3.625,
            3.5,
            3.75,
            3.5,
            3.625,
            3.75,
            3.875,
            3.75,
            3.875,
            3.75,
            3.625,
            3.625,
            3.625,
            3.5,
            3.75,
            3.2375,
            3.0,
            3.375,
            3.625,
            3.25,
            0.875,
            0.375
        ],